{
  "fomc_count": 76,
  "fomc_day_avg_ret": 0.000990850446089552,
  "after_5d_avg": 0.00022921204153586742,
  "after_21d_avg": 0.013993808837089125
}