{
  "round": 13,
  "config": "VIX>20_cd21_h21",
  "params": {
    "name": "VIX>20_cd21_h21",
    "vix_thr": 20,
    "cooldown": 21,
    "horizon": 21
  },
  "raw_n": 785,
  "independent_n": 37,
  "mean_pct": 1.3123425344485802,
  "median_pct": 3.270793534990979,
  "win_pct": 78.37837837837837,
  "sharpe": 0.32924803185612594,
  "mdd_pct": -24.142499477217495
}