{
  "round": 7,
  "config": "VIX>18_cd60_h21",
  "params": {
    "name": "VIX>18_cd60_h21",
    "vix_thr": 18,
    "cooldown": 60,
    "horizon": 21
  },
  "raw_n": 1057,
  "independent_n": 21,
  "mean_pct": 1.4004139042634751,
  "median_pct": 2.3712385051943397,
  "win_pct": 71.42857142857143,
  "sharpe": 0.7175875684853453,
  "mdd_pct": -3.709434320246885
}