{
  "skew_index_avg": 135.71161849870097,
  "skew_index_current": 138.16000366210938
}