{
  "round": 1,
  "strategy": "iv_rv_gap",
  "horizon": "fwd_21d",
  "raw_n": 1196,
  "n": 52,
  "mean_pct": 1.6531121119568053,
  "win_pct": 78.84615384615384,
  "sharpe": 0.7964007163392636
}