{
  "round": 25,
  "config": "VIX>22_cd21_h21",
  "params": {
    "name": "VIX>22_cd21_h21",
    "vix_thr": 22,
    "cooldown": 21,
    "horizon": 21
  },
  "raw_n": 576,
  "independent_n": 32,
  "mean_pct": 0.912335610081183,
  "median_pct": 3.4761518347598774,
  "win_pct": 68.75,
  "sharpe": 0.2073150024738683,
  "mdd_pct": -29.084209772815118
}