{
  "round": 28,
  "config": "VIX>22_cd30_h21",
  "params": {
    "name": "VIX>22_cd30_h21",
    "vix_thr": 22,
    "cooldown": 30,
    "horizon": 21
  },
  "raw_n": 576,
  "independent_n": 27,
  "mean_pct": 0.18041923176827246,
  "median_pct": 1.5674594837803868,
  "win_pct": 62.96296296296296,
  "sharpe": 0.04196822337096243,
  "mdd_pct": -25.324908324419894
}