{
  "n_days_3m": 2514,
  "contango_pct": 92.24343675417661,
  "spread_mean": 1.9663762685886526,
  "carry_sharpe": -1.028516222325164,
  "carry_cagr_pct": -86.80146514476102,
  "carry_mdd_pct": -99.9999998737453
}