{
  "round": 23,
  "config": "VIX>20_cd90_h63",
  "params": {
    "name": "VIX>20_cd90_h63",
    "vix_thr": 20,
    "cooldown": 90,
    "horizon": 63
  },
  "raw_n": 785,
  "independent_n": 17,
  "mean_pct": 3.3231504799395237,
  "median_pct": 5.254121268618395,
  "win_pct": 70.58823529411765,
  "sharpe": 0.6477525173687398,
  "mdd_pct": -14.60815613806561
}