{
  "round": 10,
  "config": "VIX>18_cd90_h21",
  "params": {
    "name": "VIX>18_cd90_h21",
    "vix_thr": 18,
    "cooldown": 90,
    "horizon": 21
  },
  "raw_n": 1057,
  "independent_n": 17,
  "mean_pct": -0.4088943349984292,
  "median_pct": 1.0183236106902305,
  "win_pct": 64.70588235294117,
  "sharpe": -0.08654450911225697,
  "mdd_pct": -28.630299705073405
}