{
  "round": 8,
  "config": "VIX>18_cd60_h63",
  "params": {
    "name": "VIX>18_cd60_h63",
    "vix_thr": 18,
    "cooldown": 60,
    "horizon": 63
  },
  "raw_n": 1057,
  "independent_n": 20,
  "mean_pct": 3.9812603355422036,
  "median_pct": 5.6375435084385135,
  "win_pct": 75.0,
  "sharpe": 0.8556561542924186,
  "mdd_pct": -10.74561025463263
}