{
  "round": 10,
  "config": "VIX>25_DD-10_cd30",
  "params": {
    "name": "VIX>25_DD-10_cd30",
    "vix_thr": 25,
    "dd_thr": -0.1,
    "cooldown": 30,
    "horizon": 180
  },
  "raw_n": 201,
  "independent_n": 11,
  "mean_pct": 11.961232517113967,
  "median_pct": 18.619837701365526,
  "win_pct": 81.81818181818183,
  "sharpe": 1.1901565722293037
}