{
  "n_days": 2451,
  "vix_mean": 18.623659744013676,
  "rv_21d_mean": 14.919301012989104,
  "iv_rv21_mean": 3.7043587310245707,
  "iv_over_rv_mean": 1.4364210019460963,
  "iv_gt_rv_pct": 85.72011423908609
}