{
  "round": 3,
  "config": "VIX>18_cd21_h180",
  "params": {
    "name": "VIX>18_cd21_h180",
    "vix_thr": 18,
    "cooldown": 21,
    "horizon": 180
  },
  "raw_n": 1057,
  "independent_n": 31,
  "mean_pct": 8.28620361824894,
  "median_pct": 8.985994870469693,
  "win_pct": 80.64516129032258,
  "sharpe": 1.1524573282170254,
  "mdd_pct": -35.29119263285051
}