{
  "round": 20,
  "config": "VIX>20_cd60_h63",
  "params": {
    "name": "VIX>20_cd60_h63",
    "vix_thr": 20,
    "cooldown": 60,
    "horizon": 63
  },
  "raw_n": 785,
  "independent_n": 23,
  "mean_pct": 3.2033957395466337,
  "median_pct": 4.324809199340729,
  "win_pct": 78.26086956521739,
  "sharpe": 0.5974915184811982,
  "mdd_pct": -27.607354553674934
}