{
  "round": 1,
  "config": "VIX>18_cd21_h21",
  "params": {
    "name": "VIX>18_cd21_h21",
    "vix_thr": 18,
    "cooldown": 21,
    "horizon": 21
  },
  "raw_n": 1057,
  "independent_n": 35,
  "mean_pct": 0.9475293605015809,
  "median_pct": 1.2930791571306166,
  "win_pct": 68.57142857142857,
  "sharpe": 0.4425830132685647,
  "mdd_pct": -7.758339628431187
}