{
  "round": 17,
  "strategy": "vix_z2_60d",
  "horizon": "fwd_60d",
  "raw_n": 144,
  "n": 21,
  "mean_pct": 1.6487373833919416,
  "win_pct": 61.904761904761905,
  "sharpe": 0.3249856386632398
}