{
  "round": 28,
  "strategy": "yield_curve_proxy_30d",
  "horizon": "fwd_30d",
  "raw_n": 655,
  "n": 38,
  "mean_pct": 2.4561934633328364,
  "win_pct": 73.68421052631578,
  "sharpe": 0.7424476239284044
}