{
  "round": 10,
  "strategy": "kospi_dd_180d",
  "horizon": "fwd_180d",
  "raw_n": 541,
  "n": 17,
  "mean_pct": 12.037628946402567,
  "win_pct": 70.58823529411765,
  "sharpe": 0.5179704792667683
}