{
  "round": 15,
  "config": "VIX>20_cd21_h180",
  "params": {
    "name": "VIX>20_cd21_h180",
    "vix_thr": 20,
    "cooldown": 21,
    "horizon": 180
  },
  "raw_n": 785,
  "independent_n": 33,
  "mean_pct": 8.174998264369135,
  "median_pct": 9.635410462164252,
  "win_pct": 81.81818181818183,
  "sharpe": 1.0324314076829915,
  "mdd_pct": -45.59804920010907
}